Firm,Line Item,t,t-1,t-2,t-3,t-4,t-5,t-6,t-7
FirmA,Cash and Cash Equivalents,25913000000.0,20289000000.0,20484000000.0,21120000000.0,13844000000.0,14259000000.0,10746000000.0,9815000000.0
FirmA,Accounts Receivable,48995000000.0,35673000000.0,29299000000.0,30343000000.0,27219000000.0,20641000000.0,18692000000.0,11717000000.0
FirmA,Inventory,3956000000.0,4855000000.0,2132000000.0,2349000000.0,2111000000.0,1764000000.0,791000000.0,776000000.0
FirmA,Other Current Assets,12087000000.0,13936000000.0,8283000000.0,15085000000.0,14124000000.0,10335000000.0,9041000000.0,6543000000.0
FirmA,Total Current Assets,131339000000.0,128645000000.0,106869000000.0,89378000000.0,68531000000.0,73286000000.0,57653000000.0,44988000000.0
FirmA,Property Plant & Equipment,,,,,,,,
FirmA,Intangible Assets,0.0,2298000000.0,3206000000.0,3893000000.0,4142000000.0,4179000000.0,4224000000.0,3536000000.0
FirmA,Other Non-Current Assets,22283000000.0,18177000000.0,8757000000.0,5422000000.0,3764000000.0,5146000000.0,5478000000.0,3556000000.0
FirmA,Total Assets,365725000000.0,375319000000.0,321686000000.0,290345000000.0,231839000000.0,207000000000.0,176064000000.0,116371000000.0
FirmA,Accounts Payable,55888000000.0,44242000000.0,37294000000.0,35490000000.0,30196000000.0,22367000000.0,21175000000.0,14632000000.0
FirmA,Short-Term Debt,20748000000.0,18473000000.0,11605000000.0,10999000000.0,6308000000.0,0.0,0.0,0.0
FirmA,Other Current Liabilities,39293000000.0,30551000000.0,22027000000.0,25181000000.0,17244000000.0,12656000000.0,8387000000.0,6069000000.0
FirmA,Total Current Liabilities,115929000000.0,100814000000.0,79006000000.0,80610000000.0,63448000000.0,43658000000.0,38542000000.0,27970000000.0
FirmA,Long-Term Debt,93735000000.0,97207000000.0,75427000000.0,53329000000.0,28987000000.0,16960000000.0,0.0,0.0
FirmA,Other Non-Current Liabilities,45691000000.0,40415000000.0,36074000000.0,33427000000.0,4567000000.0,20208000000.0,316000000.0,280000000.0
FirmA,Total Liabilities,258578000000.0,241272000000.0,193437000000.0,170990000000.0,120292000000.0,83451000000.0,57854000000.0,39756000000.0
FirmA,Total Equity,107147000000.0,134047000000.0,128249000000.0,119355000000.0,111547000000.0,123549000000.0,118210000000.0,76615000000.0
FirmA,Total Liabilities and Equity,365725000000.0,375319000000.0,321686000000.0,290345000000.0,231839000000.0,207000000000.0,176064000000.0,116371000000.0
FirmA,Revenues,265595000000.0,229234000000.0,215639000000.0,233715000000.0,182795000000.0,170910000000.0,156508000000.0,108249000000.0
FirmA,Cost of Goods Sold (COGS),163756000000.0,141048000000.0,131376000000.0,140089000000.0,112258000000.0,106606000000.0,87846000000.0,64431000000.0
FirmA,Gross Profit,101839000000.0,88186000000.0,84263000000.0,93626000000.0,70537000000.0,64304000000.0,68662000000.0,43818000000.0
FirmA,Operating Expenses,31382000000.0,26975000000.0,25434000000.0,23299000000.0,18465000000.0,15629000000.0,13987000000.0,10028000000.0
FirmA,Depreciation and Amortization,9300000000.0,9400000000.0,9800000000.0,11257000000.0,7946000000.0,6757000000.0,3277000000.0,1814000000.0
FirmA,Total Operating Expenses,,,,,,,,
FirmA,Operating Income,70898000000.0,61344000000.0,62567000000.0,71230000000.0,52503000000.0,50479000000.0,55241000000.0,33790000000.0
FirmA,Interest Income,5686000000.0,5201000000.0,3999000000.0,2921000000.0,1795000000.0,1616000000.0,1088000000.0,519000000.0
FirmA,Interest Expense,3240000000.0,2323000000.0,1456000000.0,733000000.0,384000000.0,136000000.0,0.0,0.0
FirmA,Other Non-Operating Items,,,,,,,,
FirmA,Pre-Tax Income,72903000000.0,64089000000.0,61372000000.0,72515000000.0,53483000000.0,50155000000.0,55763000000.0,34205000000.0
FirmA,Income Tax Expense,13372000000.0,15738000000.0,15685000000.0,19121000000.0,13973000000.0,13118000000.0,14030000000.0,8283000000.0
FirmA,Net Income,59531000000.0,48351000000.0,45687000000.0,53394000000.0,39510000000.0,37037000000.0,41733000000.0,25922000000.0
FirmB,Cash and Cash Equivalents,11946000000.0,7663000000.0,6510000000.0,5595000000.0,8669000000.0,3804000000.0,6938000000.0,9610000000.0
FirmB,Accounts Receivable,26481000000.0,22431000000.0,18277000000.0,17908000000.0,19544000000.0,17486000000.0,15780000000.0,14987000000.0
FirmB,Inventory,2662000000.0,2181000000.0,2251000000.0,2902000000.0,2660000000.0,1938000000.0,1137000000.0,1372000000.0
FirmB,Other Current Assets,6751000000.0,5103000000.0,5892000000.0,5461000000.0,6333000000.0,5020000000.0,5127000000.0,5787000000.0
FirmB,Total Current Assets,169662000000.0,159851000000.0,139660000000.0,124712000000.0,114246000000.0,101466000000.0,85084000000.0,74918000000.0
FirmB,Property Plant & Equipment,,,,,,,,
FirmB,Intangible Assets,8053000000.0,10106000000.0,3733000000.0,4835000000.0,6981000000.0,3083000000.0,3170000000.0,744000000.0
FirmB,Other Non-Current Assets,7442000000.0,6076000000.0,3409000000.0,3117000000.0,3422000000.0,2392000000.0,-515000000.0,-1033000000.0
FirmB,Total Assets,258848000000.0,250312000000.0,193468000000.0,174472000000.0,172384000000.0,142431000000.0,121271000000.0,108704000000.0
FirmB,Accounts Payable,8617000000.0,7390000000.0,6898000000.0,6591000000.0,7432000000.0,4828000000.0,4175000000.0,4197000000.0
FirmB,Short-Term Debt,5573000000.0,12375000000.0,12929000000.0,8090000000.0,2907000000.0,-1118000000.0,-2644000000.0,0.0
FirmB,Other Current Liabilities,13272000000.0,13503000000.0,11507000000.0,11743000000.0,12261000000.0,8359000000.0,7840000000.0,8275000000.0
FirmB,Total Current Liabilities,58488000000.0,55745000000.0,59357000000.0,49647000000.0,45625000000.0,37417000000.0,32688000000.0,28774000000.0
FirmB,Long-Term Debt,81935000000.0,83870000000.0,41318000000.0,27808000000.0,20645000000.0,12601000000.0,10713000000.0,11921000000.0
FirmB,Other Non-Current Liabilities,31351000000.0,14609000000.0,12879000000.0,13544000000.0,11594000000.0,10000000000.0,8208000000.0,8072000000.0
FirmB,Total Liabilities,176130000000.0,162601000000.0,121471000000.0,94389000000.0,82600000000.0,63487000000.0,54908000000.0,51621000000.0
FirmB,Total Equity,82718000000.0,87711000000.0,71997000000.0,80083000000.0,89784000000.0,78944000000.0,66363000000.0,57083000000.0
FirmB,Total Liabilities and Equity,258848000000.0,250312000000.0,193468000000.0,174472000000.0,172384000000.0,142431000000.0,121271000000.0,108704000000.0
FirmB,Revenues,110360000000.0,96571000000.0,91154000000.0,93580000000.0,86833000000.0,77849000000.0,73723000000.0,69943000000.0
FirmB,Cost of Goods Sold (COGS),38353000000.0,34261000000.0,32780000000.0,33038000000.0,27078000000.0,20385000000.0,17530000000.0,15577000000.0
FirmB,Gross Profit,72007000000.0,62310000000.0,58374000000.0,60542000000.0,59755000000.0,57464000000.0,56193000000.0,54366000000.0
FirmB,Operating Expenses,36949000000.0,32979000000.0,31186000000.0,32370000000.0,31869000000.0,30700000000.0,28237000000.0,27205000000.0
FirmB,Depreciation and Amortization,9954000000.0,7855000000.0,5947000000.0,5957000000.0,5212000000.0,3755000000.0,2967000000.0,2766000000.0
FirmB,Total Operating Expenses,,,,,,,,
FirmB,Operating Income,35058000000.0,29025000000.0,26078000000.0,18161000000.0,27759000000.0,26764000000.0,21763000000.0,27161000000.0
FirmB,Interest Income,2214000000.0,1387000000.0,0.0,0.0,0.0,0.0,0.0,900000000.0
FirmB,Interest Expense,2733000000.0,2222000000.0,1243000000.0,781000000.0,597000000.0,429000000.0,380000000.0,295000000.0
FirmB,Other Non-Operating Items,,,,,,,,
FirmB,Pre-Tax Income,36474000000.0,29901000000.0,25639000000.0,18507000000.0,27820000000.0,27052000000.0,22267000000.0,28071000000.0
FirmB,Income Tax Expense,19903000000.0,4412000000.0,5100000000.0,6314000000.0,5746000000.0,5189000000.0,5289000000.0,4921000000.0
FirmB,Net Income,16571000000.0,25489000000.0,20539000000.0,12193000000.0,22074000000.0,21863000000.0,16978000000.0,23150000000.0
FirmC,Cash and Cash Equivalents,16701000000.0,10715000000.0,12918000000.0,16549000000.0,18347000000.0,18898000000.0,14778000000.0,9983000000.0
FirmC,Accounts Receivable,21193000000.0,18705000000.0,14232000000.0,13909000000.0,10849000000.0,9390000000.0,8585000000.0,6172000000.0
FirmC,Inventory,1107000000.0,749000000.0,268000000.0,491000000.0,1322000000.0,426000000.0,505000000.0,215000000.0
FirmC,Other Current Assets,4236000000.0,2983000000.0,4575000000.0,2648000000.0,5174000000.0,5623000000.0,4205000000.0,1925000000.0
FirmC,Total Current Assets,135676000000.0,124308000000.0,105408000000.0,90114000000.0,80685000000.0,72886000000.0,60454000000.0,52758000000.0
FirmC,Property Plant & Equipment,,,,,,,,
FirmC,Intangible Assets,2220000000.0,2692000000.0,3307000000.0,3847000000.0,4607000000.0,6066000000.0,7473000000.0,1578000000.0
FirmC,Other Non-Current Assets,2693000000.0,2672000000.0,1819000000.0,3181000000.0,3280000000.0,1976000000.0,2011000000.0,499000000.0
FirmC,Total Assets,232792000000.0,197295000000.0,167497000000.0,147461000000.0,131133000000.0,110920000000.0,93798000000.0,72574000000.0
FirmC,Accounts Payable,4378000000.0,3137000000.0,2041000000.0,1931000000.0,1715000000.0,2453000000.0,2012000000.0,588000000.0
FirmC,Short-Term Debt,0.0,0.0,0.0,3450000000.0,2010000000.0,3009000000.0,2549000000.0,1218000000.0
FirmC,Other Current Liabilities,28389000000.0,18733000000.0,13062000000.0,12839000000.0,12206000000.0,9360000000.0,8690000000.0,6363000000.0
FirmC,Total Current Liabilities,34620000000.0,24183000000.0,16756000000.0,19310000000.0,16805000000.0,15908000000.0,14337000000.0,8913000000.0
FirmC,Long-Term Debt,4074000000.0,3995000000.0,3935000000.0,1995000000.0,3228000000.0,2236000000.0,2988000000.0,2986000000.0
FirmC,Other Non-Current Liabilities,14810000000.0,15845000000.0,7342000000.0,5485000000.0,4458000000.0,3381000000.0,2786000000.0,2199000000.0
FirmC,Total Liabilities,55164000000.0,44793000000.0,28461000000.0,27130000000.0,26633000000.0,23611000000.0,22083000000.0,14429000000.0
FirmC,Total Equity,177628000000.0,152502000000.0,139036000000.0,120331000000.0,104500000000.0,87309000000.0,71715000000.0,58145000000.0
FirmC,Total Liabilities and Equity,232792000000.0,197295000000.0,167497000000.0,147461000000.0,131133000000.0,110920000000.0,93798000000.0,72574000000.0
FirmC,Revenues,136819000000.0,110855000000.0,90272000000.0,74989000000.0,66001000000.0,59825000000.0,50175000000.0,37905000000.0
FirmC,Cost of Goods Sold (COGS),59549000000.0,45583000000.0,35138000000.0,28164000000.0,25691000000.0,25858000000.0,20634000000.0,13188000000.0
FirmC,Gross Profit,77270000000.0,65272000000.0,55134000000.0,46825000000.0,40310000000.0,33967000000.0,29541000000.0,24717000000.0
FirmC,Operating Expenses,45878000000.0,36390000000.0,31418000000.0,27465000000.0,23814000000.0,20001000000.0,16781000000.0,12975000000.0
FirmC,Depreciation and Amortization,9035000000.0,6915000000.0,6144000000.0,5063000000.0,4979000000.0,3939000000.0,2962000000.0,1851000000.0
FirmC,Total Operating Expenses,,,,,,,,
FirmC,Operating Income,27524000000.0,26178000000.0,23716000000.0,19360000000.0,16496000000.0,15403000000.0,13834000000.0,11742000000.0
FirmC,Interest Income,1878000000.0,1312000000.0,1220000000.0,999000000.0,746000000.0,785000000.0,713000000.0,812000000.0
FirmC,Interest Expense,114000000.0,109000000.0,124000000.0,104000000.0,101000000.0,83000000.0,84000000.0,58000000.0
FirmC,Other Non-Operating Items,,,,,,,,
FirmC,Pre-Tax Income,34913000000.0,27193000000.0,24150000000.0,19651000000.0,17259000000.0,15899000000.0,14469000000.0,12326000000.0
FirmC,Income Tax Expense,4177000000.0,14531000000.0,4672000000.0,3303000000.0,3331000000.0,2282000000.0,2598000000.0,2589000000.0
FirmC,Net Income,30736000000.0,12662000000.0,19478000000.0,16348000000.0,14136000000.0,12733000000.0,10737000000.0,9737000000.0
FirmD,Cash and Cash Equivalents,31750000000.0,20522000000.0,19334000000.0,15890000000.0,14557000000.0,8658000000.0,8084000000.0,5269000000.0
FirmD,Accounts Receivable,16677000000.0,13164000000.0,8339000000.0,5654000000.0,5612000000.0,4767000000.0,3364000000.0,2571000000.0
FirmD,Inventory,17174000000.0,16047000000.0,11461000000.0,10243000000.0,8299000000.0,7411000000.0,6031000000.0,4992000000.0
FirmD,Other Current Assets,0.0,0.0,0.0,0.0,0.0,0.0,453000000.0,351000000.0
FirmD,Total Current Assets,75101000000.0,60197000000.0,45781000000.0,35705000000.0,31327000000.0,24625000000.0,21296000000.0,17490000000.0
FirmD,Property Plant & Equipment,,,,,,,,
FirmD,Intangible Assets,4110000000.0,3371000000.0,854000000.0,762000000.0,764000000.0,645000000.0,725000000.0,647000000.0
FirmD,Other Non-Current Assets,5575000000.0,4126000000.0,2700000000.0,2611000000.0,2128000000.0,1285000000.0,799000000.0,741000000.0
FirmD,Total Assets,162648000000.0,131310000000.0,83402000000.0,64747000000.0,54505000000.0,40159000000.0,32555000000.0,25278000000.0
FirmD,Accounts Payable,38192000000.0,34616000000.0,25309000000.0,20397000000.0,16459000000.0,15133000000.0,13318000000.0,11145000000.0
FirmD,Short-Term Debt,0.0,0.0,0.0,0.0,0.0,0.0,0.0,0.0
FirmD,Other Current Liabilities,23663000000.0,18170000000.0,13739000000.0,10372000000.0,9807000000.0,6688000000.0,4892000000.0,3751000000.0
FirmD,Total Current Liabilities,68391000000.0,57883000000.0,43816000000.0,33887000000.0,28089000000.0,22980000000.0,19002000000.0,14896000000.0
FirmD,Long-Term Debt,39787000000.0,37926000000.0,15213000000.0,14175000000.0,12489000000.0,5181000000.0,3830000000.0,1415000000.0
FirmD,Other Non-Current Liabilities,10921000000.0,7792000000.0,5088000000.0,3301000000.0,3186000000.0,2252000000.0,719000000.0,1210000000.0
FirmD,Total Liabilities,119099000000.0,103601000000.0,66737000000.0,52060000000.0,43764000000.0,30413000000.0,24363000000.0,17521000000.0
FirmD,Total Equity,43549000000.0,27709000000.0,19285000000.0,13384000000.0,10741000000.0,9746000000.0,8192000000.0,7757000000.0
FirmD,Total Liabilities and Equity,162648000000.0,131310000000.0,86022000000.0,65444000000.0,54505000000.0,40159000000.0,32555000000.0,25278000000.0
FirmD,Revenues,232887000000.0,177866000000.0,135987000000.0,107006000000.0,88988000000.0,74452000000.0,61093000000.0,48077000000.0
FirmD,Cost of Goods Sold (COGS),139156000000.0,111934000000.0,88265000000.0,71651000000.0,62752000000.0,54181000000.0,45971000000.0,44773000000.0
FirmD,Gross Profit,93731000000.0,65932000000.0,47722000000.0,35355000000.0,26236000000.0,20271000000.0,15122000000.0,3304000000.0
FirmD,Operating Expenses,81310000000.0,61826000000.0,43536000000.0,33122000000.0,26058000000.0,19526000000.0,14446000000.0,2442000000.0
FirmD,Depreciation and Amortization,15341000000.0,11478000000.0,8116000000.0,6281000000.0,4746000000.0,3253000000.0,2159000000.0,1083000000.0
FirmD,Total Operating Expenses,,,,,,,,
FirmD,Operating Income,12421000000.0,4106000000.0,4186000000.0,2233000000.0,178000000.0,745000000.0,676000000.0,862000000.0
FirmD,Interest Income,440000000.0,202000000.0,100000000.0,50000000.0,39000000.0,38000000.0,40000000.0,61000000.0
FirmD,Interest Expense,1417000000.0,848000000.0,484000000.0,459000000.0,210000000.0,141000000.0,92000000.0,65000000.0
FirmD,Other Non-Operating Items,,,,,,,,
FirmD,Pre-Tax Income,11261000000.0,3806000000.0,3892000000.0,1568000000.0,-111000000.0,506000000.0,544000000.0,934000000.0
FirmD,Income Tax Expense,1197000000.0,769000000.0,1425000000.0,950000000.0,167000000.0,161000000.0,428000000.0,291000000.0
FirmD,Net Income,10073000000.0,3033000000.0,2371000000.0,596000000.0,-241000000.0,274000000.0,-39000000.0,631000000.0
FirmE,Cash and Cash Equivalents,10019000000.0,8079000000.0,8903000000.0,4907000000.0,4315000000.0,3323000000.0,2384000000.0,1512000000.0
FirmE,Accounts Receivable,7587000000.0,5832000000.0,3993000000.0,2559000000.0,1678000000.0,1109000000.0,1170000000.0,547000000.0
FirmE,Inventory,0.0,0.0,0.0,0.0,0.0,0.0,0.0,0.0
FirmE,Other Current Assets,1769000000.0,2022000000.0,1918000000.0,1318000000.0,1306000000.0,512000000.0,471000000.0,149000000.0
FirmE,Total Current Assets,50480000000.0,48563000000.0,34401000000.0,21652000000.0,13670000000.0,13070000000.0,11267000000.0,4604000000.0
FirmE,Property Plant & Equipment,,,,,,,,
FirmE,Intangible Assets,1294000000.0,1884000000.0,2535000000.0,3246000000.0,3929000000.0,883000000.0,801000000.0,80000000.0
FirmE,Other Non-Current Assets,2576000000.0,2135000000.0,1312000000.0,796000000.0,637000000.0,221000000.0,57000000.0,90000000.0
FirmE,Total Assets,97334000000.0,84524000000.0,64961000000.0,49407000000.0,40184000000.0,17895000000.0,15103000000.0,6331000000.0
FirmE,Accounts Payable,820000000.0,380000000.0,302000000.0,196000000.0,176000000.0,87000000.0,65000000.0,63000000.0
FirmE,Short-Term Debt,500000000.0,340000000.0,0.0,208000000.0,228000000.0,478000000.0,730000000.0,279000000.0
FirmE,Other Current Liabilities,5059000000.0,2712000000.0,2328000000.0,1465000000.0,954000000.0,446000000.0,-224000000.0,467000000.0
FirmE,Total Current Liabilities,7017000000.0,3760000000.0,2875000000.0,1925000000.0,1424000000.0,1100000000.0,1052000000.0,899000000.0
FirmE,Long-Term Debt,0.0,0.0,0.0,107000000.0,119000000.0,237000000.0,1991000000.0,398000000.0
FirmE,Other Non-Current Liabilities,5517000000.0,6417000000.0,2892000000.0,2994000000.0,2545000000.0,1088000000.0,305000000.0,135000000.0
FirmE,Total Liabilities,13207000000.0,10177000000.0,5767000000.0,5189000000.0,4088000000.0,2425000000.0,3348000000.0,1432000000.0
FirmE,Total Equity,84127000000.0,74347000000.0,59194000000.0,44218000000.0,36096000000.0,15470000000.0,11755000000.0,4899000000.0
FirmE,Total Liabilities and Equity,97334000000.0,84524000000.0,64961000000.0,49407000000.0,40184000000.0,17895000000.0,15103000000.0,6331000000.0
FirmE,Revenues,55838000000.0,40653000000.0,27638000000.0,17928000000.0,12466000000.0,7872000000.0,5089000000.0,3711000000.0
FirmE,Cost of Goods Sold (COGS),9355000000.0,5454000000.0,3789000000.0,2867000000.0,2153000000.0,1875000000.0,1364000000.0,860000000.0
FirmE,Gross Profit,46483000000.0,35199000000.0,23849000000.0,15061000000.0,10313000000.0,5997000000.0,3725000000.0,2851000000.0
FirmE,Operating Expenses,21570000000.0,14996000000.0,11422000000.0,8836000000.0,5319000000.0,3193000000.0,3187000000.0,1095000000.0
FirmE,Depreciation and Amortization,4315000000.0,3025000000.0,2342000000.0,1945000000.0,1243000000.0,1011000000.0,649000000.0,323000000.0
FirmE,Total Operating Expenses,,,,,,,,
FirmE,Operating Income,24913000000.0,20203000000.0,12427000000.0,6225000000.0,4994000000.0,2921000000.0,538000000.0,1756000000.0
FirmE,Interest Income,661000000.0,398000000.0,176000000.0,52000000.0,27000000.0,19000000.0,14000000.0,4000000.0
FirmE,Interest Expense,9000000.0,6000000.0,10000000.0,23000000.0,23000000.0,56000000.0,51000000.0,42000000.0
FirmE,Other Non-Operating Items,,,,,,,,
FirmE,Pre-Tax Income,25361000000.0,20594000000.0,12518000000.0,6194000000.0,4910000000.0,2754000000.0,494000000.0,1695000000.0
FirmE,Income Tax Expense,3249000000.0,4660000000.0,2301000000.0,2506000000.0,1970000000.0,1254000000.0,441000000.0,695000000.0
FirmE,Net Income,22111000000.0,15920000000.0,10188000000.0,3669000000.0,2925000000.0,1491000000.0,32000000.0,1000000000.0
FirmF,Cash and Cash Equivalents,3686000000.0,3367914000.0,3393216000.0,1196908000.0,1905713000.0,845889000.0,201890000.0,255266000.0
FirmF,Accounts Receivable,949000000.0,515381000.0,499142000.0,168965000.0,226604000.0,49109000.0,26842000.0,9539000.0
FirmF,Inventory,3113000000.0,2263537000.0,2067454000.0,1277838000.0,953675000.0,340355000.0,268504000.0,50082000.0
FirmF,Other Current Assets,559000000.0,423688000.0,299984000.0,130995000.0,76134000.0,27574000.0,27532000.0,32890000.0
FirmF,Total Current Assets,8307000000.0,6570520000.0,6259796000.0,2782006000.0,3180073000.0,1265939000.0,524768000.0,372838000.0
FirmF,Property Plant & Equipment,,,,,,,,
FirmF,Intangible Assets,282000000.0,361502000.0,376145000.0,12816000.0,0.0,13930000.0,14267000.0,14508000.0
FirmF,Other Non-Current Assets,1392000000.0,1171497000.0,991218000.0,78380000.0,54583000.0,16117000.0,12855000.0,15931000.0
FirmF,Total Assets,29740000000.0,28655372000.0,22664076000.0,8067939000.0,5830667000.0,2416930000.0,1114190000.0,713448000.0
FirmF,Accounts Payable,3404451000.0,2390250000.0,1860341000.0,916148000.0,777946000.0,303969000.0,303382000.0,56141000.0
FirmF,Short-Term Debt,2712000000.0,978777000.0,1202178000.0,112424000.0,641661000.0,7904000.0,55206000.0,8983000.0
FirmF,Other Current Liabilities,2104886000.0,2250664000.0,1848463000.0,458423000.0,424679000.0,233338000.0,30088000.0,31142000.0
FirmF,Total Current Liabilities,9993000000.0,7674670000.0,5827005000.0,2811035000.0,2107166000.0,675160000.0,539108000.0,191339000.0
FirmF,Long-Term Debt,11116000000.0,11152086000.0,7461513000.0,2269767000.0,1889248000.0,598974000.0,411460000.0,271165000.0
FirmF,Other Non-Current Liabilities,1327127000.0,3018495000.0,2618643000.0,1457328000.0,630272000.0,287675000.0,35862000.0,23753000.0
FirmF,Total Liabilities,23427000000.0,23023050000.0,16758951000.0,6984235000.0,4918957000.0,1749810000.0,989490000.0,489403000.0
FirmF,Total Equity,6313000000.0,5632322000.0,5905125000.0,1083704000.0,911710000.0,667120000.0,124700000.0,224045000.0
FirmF,Total Liabilities and Equity,29740000000.0,28655372000.0,22664076000.0,8067939000.0,5830667000.0,2416930000.0,1114190000.0,713448000.0
FirmF,Revenues,21461268000.0,11759000000.0,7000132000.0,4046025000.0,3198356000.0,2013496000.0,413256000.0,204242000.0
FirmF,Cost of Goods Sold (COGS),17419247000.0,9536000000.0,5400875000.0,3122522000.0,2316685000.0,1557234000.0,383189000.0,142647000.0
FirmF,Gross Profit,4042021000.0,2223000000.0,1599257000.0,923503000.0,881671000.0,456262000.0,30067000.0,61595000.0
FirmF,Operating Expenses,4430000000.0,3855000000.0,2266597000.0,1640132000.0,1068360000.0,517545000.0,424350000.0,313083000.0
FirmF,Depreciation and Amortization,1901000000.0,1636000000.0,947099000.0,422590000.0,231931000.0,106083000.0,28825000.0,16919000.0
FirmF,Total Operating Expenses,,,,,,,,
FirmF,Operating Income,-388000000.0,-1632000000.0,-667340000.0,-716629000.0,-186689000.0,-61283000.0,-394283000.0,-251488000.0
FirmF,Interest Income,24000000.0,19000000.0,8530000.0,1508000.0,1126000.0,189000.0,288000.0,255000.0
FirmF,Interest Expense,663000000.0,471000000.0,198810000.0,118851000.0,100886000.0,32934000.0,254000.0,43000.0
FirmF,Other Non-Operating Items,,,,,,,,
FirmF,Pre-Tax Income,-1005000000.0,-2209000000.0,-746348000.0,-875624000.0,-284636000.0,-71426000.0,-396077000.0,-253922000.0
FirmF,Income Tax Expense,58000000.0,32000000.0,26698000.0,13039000.0,9404000.0,2588000.0,136000.0,489000.0
FirmF,Net Income,-976000000.0,-1962000000.0,-674914000.0,-888663000.0,-294040000.0,-74014000.0,-396213000.0,-254411000.0
FirmG,Cash and Cash Equivalents,4002000000.0,1766000000.0,596000000.0,496654000.0,1151587000.0,732786000.0,667876000.0,665361000.0
FirmG,Accounts Receivable,1265000000.0,826000000.0,505000000.0,473637000.0,426357000.0,454252000.0,336143000.0,348770000.0
FirmG,Inventory,796000000.0,794000000.0,418000000.0,482893000.0,387765000.0,419686000.0,340297000.0,345525000.0
FirmG,Other Current Assets,172000000.0,236000000.0,186000000.0,133000000.0,138779000.0,173437000.0,99342000.0,42092000.0
FirmG,Total Current Assets,9255000000.0,8536000000.0,6053000000.0,5713297000.0,5624711000.0,4775258000.0,3905358000.0,3226950000.0
FirmG,Property Plant & Equipment,,,,,,,,
FirmG,Intangible Assets,52000000.0,104000000.0,166000000.0,221714000.0,296012000.0,312332000.0,326136000.0,243171000.0
FirmG,Other Non-Current Assets,319000000.0,62000000.0,67000000.0,90896000.0,104252000.0,93924000.0,102491000.0,22602000.0
FirmG,Total Assets,11241000000.0,9841000000.0,7370000000.0,7201368000.0,7250894000.0,6412245000.0,5552928000.0,4495246000.0
FirmG,Accounts Payable,596000000.0,485000000.0,296000000.0,293223000.0,324391000.0,356428000.0,335072000.0,286138000.0
FirmG,Short-Term Debt,15000000.0,827000000.0,1413000000.0,0.0,0.0,0.0,0.0,0.0
FirmG,Other Current Liabilities,456000000.0,387000000.0,318000000.0,307262000.0,345619000.0,343017000.0,317296000.0,403104000.0
FirmG,Total Current Liabilities,1153000000.0,1819000000.0,2438000000.0,896030000.0,945496000.0,976223000.0,929958000.0,942682000.0
FirmG,Long-Term Debt,1985000000.0,1989000000.0,10000000.0,1398000000.0,1388458000.0,18998000.0,21439000.0,23389000.0
FirmG,Other Non-Current Liabilities,590000000.0,157000000.0,108000000.0,489356000.0,130390000.0,160219000.0,122149000.0,138584000.0
FirmG,Total Liabilities,3770000000.0,4079000000.0,2901000000.0,2783386000.0,2794496000.0,1584542000.0,1407204000.0,1313784000.0
FirmG,Total Equity,7471000000.0,5762000000.0,4469000000.0,4417982000.0,4456398000.0,4827703000.0,4145724000.0,3181462000.0
FirmG,Total Liabilities and Equity,11241000000.0,9841000000.0,7370000000.0,7201368000.0,7250894000.0,6412245000.0,5552928000.0,4495246000.0
FirmG,Revenues,9714000000.0,6910000000.0,5010000000.0,4681507000.0,4130162000.0,4280159000.0,3997930000.0,3543309000.0
FirmG,Cost of Goods Sold (COGS),3892000000.0,2847000000.0,2199000000.0,2082030000.0,1862399000.0,2053816000.0,1941413000.0,2134219000.0
FirmG,Gross Profit,5822000000.0,4063000000.0,2811000000.0,2599477000.0,2267763000.0,2226343000.0,2056517000.0,1409090000.0
FirmG,Operating Expenses,2612000000.0,2126000000.0,1933000000.0,1840488000.0,1771536000.0,1578104000.0,1408218000.0,1153343000.0
FirmG,Depreciation and Amortization,199000000.0,187000000.0,197000000.0,220125000.0,239148000.0,226235000.0,204205000.0,186989000.0
FirmG,Total Operating Expenses,,,,,,,,
FirmG,Operating Income,3210000000.0,1934000000.0,747000000.0,758989000.0,496227000.0,648239000.0,648299000.0,255747000.0
FirmG,Interest Income,69000000.0,54000000.0,39000000.0,28090000.0,17119000.0,19908000.0,19149000.0,19057000.0
FirmG,Interest Expense,61000000.0,58000000.0,47000000.0,46133000.0,10443000.0,3294000.0,3089000.0,3127000.0
FirmG,Other Non-Operating Items,,,,,,,,
FirmG,Pre-Tax Income,3196000000.0,1905000000.0,743000000.0,754836000.0,510254000.0,662039000.0,663396000.0,271169000.0
FirmG,Income Tax Expense,149000000.0,239000000.0,129000000.0,124249000.0,70264000.0,99503000.0,82306000.0,18023000.0
FirmG,Net Income,3047000000.0,1666000000.0,614000000.0,630587000.0,439990000.0,562536000.0,581090000.0,253146000.0
FirmH,Cash and Cash Equivalents,278793000000.0,431304000000.0,389635000000.0,360505000000.0,512308000000.0,355822000000.0,175537000000.0,144881000000.0
FirmH,Accounts Receivable,73200000000.0,67729000000.0,52330000000.0,46605000000.0,70079000000.0,65160000000.0,60933000000.0,61478000000.0
FirmH,Inventory,0.0,0.0,0.0,0.0,0.0,0.0,0.0,0.0
FirmH,Other Current Assets,617172000000.0,483418000000.0,459964000000.0,0.0,78975000000.0,65759000000.0,0.0,0.0
FirmH,Total Current Assets,1199559000000.0,1184676000000.0,1140820000000.0,67095000000.0,960114000000.0,816718000000.0,114656000000.0,121080000000.0
FirmH,Property Plant & Equipment,,,,,,,,
FirmH,Intangible Assets,6878000000.0,6885000000.0,6958000000.0,7623000000.0,8628000000.0,11232000000.0,9849000000.0,10430000000.0
FirmH,Other Non-Current Assets,0.0,0.0,0.0,0.0,0.0,0.0,0.0,0.0
FirmH,Total Assets,2622532000000.0,2533600000000.0,2490972000000.0,2351698000000.0,2573126000000.0,2415689000000.0,2359141000000.0,2265792000000.0
FirmH,Accounts Payable,114794000000.0,102727000000.0,109842000000.0,107632000000.0,134467000000.0,194491000000.0,195240000000.0,202895000000.0
FirmH,Short-Term Debt,69276000000.0,51802000000.0,34443000000.0,15562000000.0,0.0,57848000000.0,55367000000.0,73539000000.0
FirmH,Other Current Liabilities,-114794000000.0,-102727000000.0,-132547000000.0,-107632000000.0,-134467000000.0,-252339000000.0,-195240000000.0,-224803000000.0
FirmH,Total Current Liabilities,184070000000.0,51802000000.0,11738000000.0,15562000000.0,273298000000.0,252339000000.0,55367000000.0,51631000000.0
FirmH,Long-Term Debt,282031000000.0,284080000000.0,295245000000.0,309756000000.0,306601000000.0,295883000000.0,275660000000.0,256775000000.0
FirmH,Other Non-Current Liabilities,2014710000000.0,1886200000000.0,1827895000000.0,1686737000000.0,-306601000000.0,-295883000000.0,598040000000.0,601634000000.0
FirmH,Total Liabilities,2366017000000.0,2277907000000.0,2236782000000.0,2104125000000.0,2341061000000.0,2204511000000.0,2155072000000.0,2082219000000.0
FirmH,Total Equity,256515000000.0,255693000000.0,254190000000.0,247573000000.0,232065000000.0,211178000000.0,204069000000.0,183573000000.0
FirmH,Total Liabilities and Equity,2622532000000.0,2533600000000.0,2490972000000.0,2351698000000.0,2573126000000.0,2415689000000.0,2359141000000.0,2265792000000.0
FirmH,Revenues,108783000000.0,100705000000.0,96569000000.0,93543000000.0,95112000000.0,97367000000.0,97031000000.0,97234000000.0
FirmH,Cost of Goods Sold (COGS),0.0,0.0,0.0,0.0,0.0,0.0,0.0,0.0
FirmH,Gross Profit,108783000000.0,100705000000.0,96569000000.0,93543000000.0,95112000000.0,97367000000.0,97031000000.0,97234000000.0
FirmH,Operating Expenses,62980000000.0,58845000000.0,56672000000.0,58500000000.0,61274000000.0,70467000000.0,62741000000.0,52624000000.0
FirmH,Depreciation and Amortization,7791000000.0,6179000000.0,5478000000.0,4940000000.0,4759000000.0,5306000000.0,5147000000.0,5105000000.0
FirmH,Total Operating Expenses,,,,,,,,
FirmH,Operating Income,46327000000.0,41309000000.0,40091000000.0,39782000000.0,41845000000.0,47073000000.0,31929000000.0,44610000000.0
FirmH,Interest Income,76100000000.0,63971000000.0,55901000000.0,50973000000.0,51531000000.0,52669000000.0,55953000000.0,61293000000.0
FirmH,Interest Expense,21041000000.0,13874000000.0,9818000000.0,7463000000.0,7897000000.0,9350000000.0,11043000000.0,13604000000.0
FirmH,Other Non-Operating Items,,,,,,,,
FirmH,Pre-Tax Income,40764000000.0,35900000000.0,34536000000.0,30702000000.0,30699000000.0,26675000000.0,28917000000.0,26749000000.0
FirmH,Income Tax Expense,8290000000.0,11459000000.0,9803000000.0,6260000000.0,8954000000.0,8789000000.0,7633000000.0,7773000000.0
FirmH,Net Income,32474000000.0,24441000000.0,24733000000.0,24442000000.0,21745000000.0,17886000000.0,19877000000.0,18976000000.0
FirmI,Cash and Cash Equivalents,8162000000.0,9874000000.0,5619000000.0,3518000000.0,1971000000.0,2186000000.0,2074000000.0,2127000000.0
FirmI,Accounts Receivable,2790000000.0,2554000000.0,2508000000.0,1255000000.0,1699000000.0,1702000000.0,1356000000.0,1084000000.0
FirmI,Inventory,0.0,0.0,0.0,0.0,0.0,0.0,0.0,0.0
FirmI,Other Current Assets,3717000000.0,3031000000.0,2867000000.0,3759000000.0,3913000000.0,1865000000.0,3168000000.0,1821000000.0
FirmI,Total Current Assets,18216000000.0,19023000000.0,14313000000.0,10892000000.0,9562000000.0,7822000000.0,11786000000.0,9190000000.0
FirmI,Property Plant & Equipment,,,,,,,,
FirmI,Intangible Assets,27558000000.0,27848000000.0,27234000000.0,11361000000.0,11411000000.0,11351000000.0,11420000000.0,11436000000.0
FirmI,Other Non-Current Assets,1703000000.0,1817000000.0,1319000000.0,875000000.0,928000000.0,610000000.0,151000000.0,214000000.0
FirmI,Total Assets,69225000000.0,67977000000.0,64035000000.0,40236000000.0,38569000000.0,35956000000.0,40013000000.0,34760000000.0
FirmI,Accounts Payable,183000000.0,179000000.0,203000000.0,127000000.0,147000000.0,184000000.0,152000000.0,169000000.0
FirmI,Short-Term Debt,0.0,1749000000.0,0.0,0.0,0.0,0.0,0.0,0.0
FirmI,Other Current Liabilities,10865000000.0,7823000000.0,7690000000.0,5091000000.0,5704000000.0,4027000000.0,7685000000.0,3156000000.0
FirmI,Total Current Liabilities,11305000000.0,9994000000.0,8046000000.0,5374000000.0,6006000000.0,4335000000.0,7954000000.0,3451000000.0
FirmI,Long-Term Debt,16630000000.0,16618000000.0,15882000000.0,0.0,0.0,0.0,0.0,0.0
FirmI,Other Non-Current Liabilities,2666000000.0,2625000000.0,2387000000.0,897000000.0,1005000000.0,602000000.0,371000000.0,667000000.0
FirmI,Total Liabilities,35219000000.0,35217000000.0,31123000000.0,10394000000.0,11156000000.0,9086000000.0,12383000000.0,8323000000.0
FirmI,Total Equity,34006000000.0,32760000000.0,32912000000.0,29842000000.0,27413000000.0,26870000000.0,27630000000.0,26437000000.0
FirmI,Total Liabilities and Equity,69225000000.0,67977000000.0,64035000000.0,40236000000.0,38569000000.0,35956000000.0,40013000000.0,34760000000.0
FirmI,Revenues,20609000000.0,18358000000.0,15082000000.0,13880000000.0,12702000000.0,11778000000.0,10421000000.0,9188000000.0
FirmI,Cost of Goods Sold (COGS),3856000000.0,3248000000.0,2764000000.0,2553000000.0,2382000000.0,2400000000.0,2140000000.0,1816000000.0
FirmI,Gross Profit,16753000000.0,15110000000.0,12318000000.0,11327000000.0,10320000000.0,9378000000.0,8281000000.0,7372000000.0
FirmI,Operating Expenses,3192000000.0,2947000000.0,2556000000.0,2249000000.0,2170000000.0,2136000000.0,2042000000.0,1909000000.0
FirmI,Depreciation and Amortization,613000000.0,556000000.0,502000000.0,494000000.0,435000000.0,397000000.0,333000000.0,288000000.0
FirmI,Total Operating Expenses,,,,,,,,
FirmI,Operating Income,12954000000.0,12144000000.0,7883000000.0,9064000000.0,7697000000.0,7239000000.0,2139000000.0,5456000000.0
FirmI,Interest Income,0.0,0.0,0.0,0.0,0.0,0.0,0.0,0.0
FirmI,Interest Expense,612000000.0,563000000.0,427000000.0,0.0,0.0,0.0,29000000.0,32000000.0
FirmI,Other Non-Operating Items,,,,,,,,
FirmI,Pre-Tax Income,12806000000.0,11694000000.0,8012000000.0,8995000000.0,7724000000.0,7257000000.0,2207000000.0,5656000000.0
FirmI,Income Tax Expense,2505000000.0,4995000000.0,2021000000.0,2667000000.0,2286000000.0,2277000000.0,65000000.0,2010000000.0
FirmI,Net Income,10301000000.0,6699000000.0,5991000000.0,6328000000.0,5438000000.0,4980000000.0,2144000000.0,3650000000.0
FirmJ,Cash and Cash Equivalents,9077000000.0,6006000000.0,8555000000.0,7309000000.0,8958000000.0,10414000000.0,8442000000.0,12803000000.0
FirmJ,Accounts Receivable,3685000000.0,3667000000.0,3856000000.0,3941000000.0,4466000000.0,4873000000.0,4759000000.0,4920000000.0
FirmJ,Inventory,3071000000.0,2655000000.0,2675000000.0,2902000000.0,3100000000.0,3277000000.0,3264000000.0,3092000000.0
FirmJ,Other Current Assets,4118000000.0,9548000000.0,5278000000.0,6652000000.0,3745000000.0,5772000000.0,5754000000.0,3450000000.0
FirmJ,Total Current Assets,24930000000.0,36545000000.0,34010000000.0,33395000000.0,32986000000.0,31304000000.0,30328000000.0,25497000000.0
FirmJ,Property Plant & Equipment,,,,,,,,
FirmJ,Intangible Assets,7478000000.0,7235000000.0,10499000000.0,12843000000.0,14272000000.0,15299000000.0,15082000000.0,15450000000.0
FirmJ,Other Non-Current Assets,4148000000.0,2038000000.0,495000000.0,-581000000.0,-1229000000.0,-1491000000.0,-1396000000.0,-1199000000.0
FirmJ,Total Assets,83216000000.0,87896000000.0,87270000000.0,89996000000.0,92023000000.0,90055000000.0,86174000000.0,79974000000.0
FirmJ,Accounts Payable,2719000000.0,2288000000.0,2682000000.0,2795000000.0,2089000000.0,1933000000.0,1969000000.0,2172000000.0
FirmJ,Short-Term Debt,18838000000.0,16503000000.0,16025000000.0,15805000000.0,22682000000.0,17925000000.0,17874000000.0,14912000000.0
FirmJ,Other Current Liabilities,6452000000.0,7993000000.0,7518000000.0,7554000000.0,7203000000.0,7644000000.0,7507000000.0,6837000000.0
FirmJ,Total Current Liabilities,28782000000.0,27194000000.0,26532000000.0,26929000000.0,32374000000.0,27811000000.0,27821000000.0,24283000000.0
FirmJ,Long-Term Debt,25376000000.0,31182000000.0,29684000000.0,28311000000.0,19063000000.0,19154000000.0,14736000000.0,13656000000.0
FirmJ,Other Non-Current Liabilities,7646000000.0,8021000000.0,4081000000.0,4301000000.0,4389000000.0,3498000000.0,5468000000.0,5420000000.0
FirmJ,Total Liabilities,64158000000.0,68919000000.0,64050000000.0,64232000000.0,61462000000.0,56615000000.0,53006000000.0,48053000000.0
FirmJ,Total Equity,19058000000.0,18977000000.0,23220000000.0,25764000000.0,30561000000.0,33440000000.0,33168000000.0,31921000000.0
FirmJ,Total Liabilities and Equity,83216000000.0,87896000000.0,87270000000.0,89996000000.0,92023000000.0,90055000000.0,86174000000.0,79974000000.0
FirmJ,Revenues,34300000000.0,35410000000.0,41863000000.0,44294000000.0,45998000000.0,46854000000.0,48017000000.0,46542000000.0
FirmJ,Cost of Goods Sold (COGS),13067000000.0,13256000000.0,16465000000.0,17482000000.0,17889000000.0,18421000000.0,19053000000.0,18216000000.0
FirmJ,Gross Profit,21233000000.0,22154000000.0,25398000000.0,26812000000.0,28109000000.0,28433000000.0,28964000000.0,28326000000.0
FirmJ,Operating Expenses,12081000000.0,14653000000.0,16772000000.0,18084000000.0,18401000000.0,18205000000.0,18185000000.0,18172000000.0
FirmJ,Depreciation and Amortization,1086000000.0,1260000000.0,1787000000.0,1970000000.0,1976000000.0,1977000000.0,1982000000.0,1954000000.0
FirmJ,Total Operating Expenses,,,,,,,,
FirmJ,Operating Income,9152000000.0,7501000000.0,8626000000.0,8728000000.0,9708000000.0,10228000000.0,10779000000.0,10154000000.0
FirmJ,Interest Income,689000000.0,677000000.0,642000000.0,613000000.0,594000000.0,534000000.0,471000000.0,483000000.0
FirmJ,Interest Expense,950000000.0,841000000.0,733000000.0,856000000.0,483000000.0,463000000.0,397000000.0,417000000.0
FirmJ,Other Non-Operating Items,,,,,,,,
FirmJ,Pre-Tax Income,8225000000.0,6742000000.0,8136000000.0,9605000000.0,9325000000.0,11477000000.0,11809000000.0,11439000000.0
FirmJ,Income Tax Expense,1749000000.0,5560000000.0,1586000000.0,2239000000.0,2201000000.0,2851000000.0,2723000000.0,2805000000.0
FirmJ,Net Income,6434000000.0,1248000000.0,6527000000.0,7351000000.0,7098000000.0,8584000000.0,9019000000.0,8572000000.0
